{
  "args": {
    "data_dir": "D:\\Files\\GithubResp\\cicidsdataclean\\cicids2017\\selected_features",
    "window_size": 100,
    "step_size": 20,
    "train_ratio": 0.6,
    "val_ratio": 0.2,
    "model": "TCNAE",
    "batch_size": 128,
    "epochs": 50,
    "lr": 0.001,
    "patience": 5,
    "seed": 42,
    "n_hidden": 256,
    "n_latent": 64,
    "beta": 0.0001,
    "tcn_kernel_size": 3,
    "tcn_dropout": 0.3,
    "pot_q": 0.95,
    "pot_risk": 0.0001,
    "save_dir": "./results",
    "n_features": 38
  },
  "val": {
    "threshold": 3.39816959448472,
    "f1": 0.00270929287455974,
    "precision": 0.5,
    "recall": 0.0013583265417006249,
    "auc_roc": 0.45752292618274937,
    "auc_pr": 0.12884350710062023
  },
  "test": {
    "threshold": 3.39816959448472,
    "f1": 0.5331914893617021,
    "precision": 0.9632904093792043,
    "recall": 0.3686107229535927,
    "auc_roc": 0.8670028298384919,
    "auc_pr": 0.8821034798159634
  },
  "test_val_th": {
    "threshold": 0.000249070959398523,
    "f1": 0.691695281699097,
    "precision": 0.5286958550431604,
    "recall": 1.0,
    "auc_roc": 0.8670028298384919,
    "auc_pr": 0.8821034798159634
  },
  "f1_star": {
    "f1_star": 0.8583601941387871,
    "threshold": 0.016395122044048766,
    "precision": 0.8648648648648649,
    "recall": 0.8519526366110172
  }
}